claim_id,denial_probability,risk_tier,predicted_denial,top_risk_factors,explanation
CCLM-00372,0.9100371967108387,High,1,"Missing Required Prior Authorization, Compound deficit: missing auth + documentation, Multiple administrative gaps",This is a statistical estimate and not a guaranteed denial outcome. The claim is missing required prior authorization and necessary supporting documentation. Resolve the missing authorization and attach all required documentation before submission.
CCLM-00352,0.9075592513835052,High,1,"Missing Required Prior Authorization, Compound deficit: missing auth + documentation, Multiple administrative gaps",This is a statistical estimate and does not guarantee a denial outcome. The claim is missing required prior authorization and supporting documentation. Resolve the missing authorization and attach all required documentation before submission.
CCLM-00049,0.9036020095325584,High,1,"Missing Required Prior Authorization, Compound deficit: missing auth + documentation, Multiple administrative gaps",This analysis is a statistical estimate and does not guarantee a denial outcome. The claim is missing the required prior authorization and supporting documentation. Resolve the missing authorization and attach all required documentation before submission.
CCLM-00023,0.8995845605914294,High,1,"Missing Required Prior Authorization, Compound deficit: missing auth + documentation, Late Claim Submission (>30 days)","This is a statistical estimate and not a guaranteed denial outcome. The claim is missing required prior authorization and supporting documentation, and it exceeds the standard 30-day submission window. Resolve the missing authorization and attach all required documentation before submission."
CCLM-00177,0.8932688507835451,High,1,"Missing Required Prior Authorization, Compound deficit: missing auth + documentation, Late Claim Submission (>30 days)","This is a statistical estimate and not a guaranteed denial outcome. The claim is missing required prior authorization and documentation, and exceeds the 30-day submission window. Resolve the missing authorization and attach all required documentation before submission."
CCLM-00163,0.8857794860300328,High,1,"Missing Required Prior Authorization, Missing Required Referral, Multiple administrative gaps",This is a statistical estimate and not a guaranteed denial outcome. The claim is missing required prior authorization and a required referral. Obtain and document the required prior authorization and referral before submission.
CCLM-00285,0.8754936100905788,High,1,"Missing Required Prior Authorization, Compound deficit: missing auth + documentation, Multiple administrative gaps","This is a statistical estimate and not a guaranteed denial outcome. The claim has multiple administrative gaps, specifically missing required prior authorization and documentation. Resolve the missing authorization and attach all required documentation before submission."
CCLM-00087,0.8706051307939652,High,1,"Multiple administrative gaps, Late Claim Submission (>30 days), Missing Supporting Documentation","This is a statistical estimate and not a guaranteed denial outcome. The claim is at high risk due to late submission, missing supporting documentation, and multiple administrative gaps. Confirm the payer timely-filing deadline and attach all required clinical documentation before submission."
CCLM-00344,0.8701688003139738,High,1,"Missing Required Prior Authorization, Compound deficit: missing auth + documentation, Multiple administrative gaps",This is a statistical estimate and not a guaranteed denial outcome. The claim is missing required prior authorization and supporting documentation. Resolve the missing authorization and attach all required documentation before submission.
CCLM-00279,0.8410594804788324,High,1,"Late Claim Submission (>30 days), Missing Supporting Documentation, Complexity Score",This is a statistical estimate and not a guaranteed denial outcome. The claim is at high risk due to late submission and missing supporting documentation. Confirm the payer timely-filing deadline and attach all required clinical documentation.
CCLM-00407,0.8366230601823099,High,1,"Missing Required Prior Authorization, Compound deficit: missing auth + documentation, Multiple administrative gaps",
CCLM-00051,0.8346928989702173,High,1,"Missing Required Prior Authorization, Compound deficit: missing auth + documentation, Multiple administrative gaps",
CCLM-00134,0.8293768079968742,High,1,"Missing Required Prior Authorization, Compound deficit: missing auth + documentation, Multiple administrative gaps",
CCLM-00135,0.824935814000111,High,1,"Late Claim Submission (>30 days), Billed Per Procedure, Multiple administrative gaps",
CCLM-00446,0.8227724264334798,High,1,"Multiple administrative gaps, Missing Supporting Documentation, Patient Eligibility Not Verified",
CCLM-00013,0.8220786405314121,High,1,"Missing Required Prior Authorization, Multiple administrative gaps, Payment Ratio",
CCLM-00280,0.8209857773678526,High,1,"Multiple administrative gaps, Missing Supporting Documentation, Num Procedures",
CCLM-00463,0.8207461742231582,High,1,"Billed Per Procedure, Late Claim Submission (>30 days), Payment Ratio",
CCLM-00082,0.8173726964709794,High,1,"Multiple administrative gaps, Billed Per Procedure, Missing Supporting Documentation",
CCLM-00063,0.8171826376087271,High,1,"Late Claim Submission (>30 days), Multiple administrative gaps, Patient Eligibility Not Verified",
CCLM-00213,0.8139452567520195,High,1,"Missing Required Prior Authorization, Late Claim Submission (>30 days), High-risk segment: Payer ID: P006",
CCLM-00062,0.811963973310518,High,1,"Missing Required Prior Authorization, Multiple administrative gaps, Patient Eligibility Not Verified",
CCLM-00259,0.7955991008768268,High,1,"Missing Required Prior Authorization, Multiple administrative gaps, Missing Required Referral",
CCLM-00028,0.7954070014892176,High,1,"Multiple administrative gaps, Missing Supporting Documentation, Patient Eligibility Not Verified",
CCLM-00042,0.7925113770628466,High,1,"Missing Required Prior Authorization, Compound deficit: missing auth + documentation, Multiple administrative gaps",
CCLM-00099,0.7834801005306299,High,1,"Missing Required Prior Authorization, Multiple administrative gaps, Out-of-network with missing authorization",
CCLM-00459,0.7822891656298019,High,1,"Missing Required Prior Authorization, Multiple administrative gaps, Out-of-network with missing authorization",
CCLM-00432,0.7812165909379193,High,1,"Missing Required Prior Authorization, Compound deficit: missing auth + documentation, Multiple administrative gaps",
CCLM-00416,0.7759242464965923,High,1,"Missing Required Prior Authorization, Multiple administrative gaps, Patient Eligibility Not Verified",
CCLM-00383,0.7729824999205076,High,1,"Late Claim Submission (>30 days), Multiple administrative gaps, Payment Ratio",
CCLM-00136,0.7555671562845697,High,1,"Multiple administrative gaps, Missing Supporting Documentation, Billed Per Procedure",
CCLM-00477,0.7519384889703224,High,1,"Missing Required Prior Authorization, Multiple administrative gaps, Out-of-network with missing authorization",
CCLM-00481,0.7499593987265127,High,1,"Missing Required Prior Authorization, Late Claim Submission (>30 days), Payment Ratio",
CCLM-00176,0.7471222160107074,High,1,"Missing Required Prior Authorization, Billed Per Procedure, High-risk segment: Payer: Medicare Advantage",
CCLM-00380,0.7429311653678533,High,1,"Late Claim Submission (>30 days), Missing Supporting Documentation, Payment Ratio",
CCLM-00170,0.7384572959520214,High,1,"Multiple administrative gaps, Missing Supporting Documentation, Patient Eligibility Not Verified",
CCLM-00290,0.7241189342062759,High,1,"Missing Required Prior Authorization, Payment Ratio, High-risk payer & visit combination",
CCLM-00147,0.7159858650255231,High,1,"Missing Required Prior Authorization, Billed Per Procedure, Payment Ratio",
CCLM-00221,0.7088300699631577,High,1,"Payment Ratio, Missing Supporting Documentation, High-risk segment: Payer ID: P008",
CCLM-00307,0.7078510239456892,High,1,"Late Claim Submission (>30 days), Missing Supporting Documentation, Multiple administrative gaps",
CCLM-00214,0.7067076273839734,High,1,"Late Claim Submission (>30 days), Multiple administrative gaps, Payment Ratio",
CCLM-00058,0.7061605692106002,High,1,"Multiple administrative gaps, Missing Supporting Documentation, Num Procedures",
CCLM-00165,0.7051185454739055,High,1,"Missing Required Prior Authorization, Multiple administrative gaps, Out-of-network with missing authorization",
CCLM-00094,0.6998783774282559,High,1,"Missing Required Prior Authorization, Late Claim Submission (>30 days), Multiple administrative gaps",
CCLM-00037,0.6957478595895822,High,1,"Missing Required Prior Authorization, Multiple administrative gaps, Patient Eligibility Not Verified",
CCLM-00476,0.6934190267111024,High,1,"Missing Supporting Documentation, Payment Ratio, High-risk segment: Payer ID: P008",
CCLM-00381,0.6916907045001789,High,1,"Late Claim Submission (>30 days), Missing Supporting Documentation, Log Total Billed",
CCLM-00386,0.6877908737949285,High,1,"Late Claim Submission (>30 days), Missing Supporting Documentation, Complexity Score",
CCLM-00116,0.6875989700026618,High,1,"Multiple administrative gaps, Patient Eligibility Not Verified, Payment Ratio",
CCLM-00224,0.6874402037709745,High,1,"Missing Required Prior Authorization, Multiple administrative gaps, Out-of-network with missing authorization",
CCLM-00272,0.6757095040373925,High,1,"Late Claim Submission (>30 days), Billed Per Procedure, Patient Eligibility Not Verified",
CCLM-00179,0.67281273429471,High,1,"Missing Required Prior Authorization, Payment Ratio, High-risk segment: Payer ID: P008",
CCLM-00125,0.6664664657375444,High,1,"Late Claim Submission (>30 days), Missing Supporting Documentation, Payment Ratio",
CCLM-00500,0.6650883308087303,High,1,"Late Claim Submission (>30 days), Missing Supporting Documentation, Multiple administrative gaps",
CCLM-00168,0.6625923546216866,High,1,"Missing Required Referral, Multiple administrative gaps, Payment Ratio",
CCLM-00410,0.6603589346478758,High,1,"Late Claim Submission (>30 days), Multiple administrative gaps, Patient Eligibility Not Verified",
CCLM-00492,0.6588247329795213,High,1,"Missing Supporting Documentation, Payment Ratio, High-risk segment: Payer ID: P006",
CCLM-00011,0.6543645507158865,High,1,"Payment Ratio, Patient Eligibility Not Verified, Billed Per Procedure",
CCLM-00019,0.6520781358816539,High,1,"Missing Supporting Documentation, High-risk payer & visit combination, High-risk segment: Payer: Medicaid MCO",
CCLM-00152,0.6504694067300091,High,1,"Late Claim Submission (>30 days), Missing Supporting Documentation, Num Procedures",
CCLM-00402,0.6483428404572859,High,1,"Missing Required Prior Authorization, Late Claim Submission (>30 days), Num Procedures",
CCLM-00104,0.6444951905172498,High,1,"Missing Required Prior Authorization, Late Claim Submission (>30 days), Billed Per Procedure",
CCLM-00392,0.6411593524054563,High,1,"Payment Ratio, Missing Required Referral, Num Procedures",
CCLM-00098,0.6396709671567472,High,1,"Patient Eligibility Not Verified, Payment Ratio, Num Procedures",
CCLM-00334,0.6376929700519809,High,1,"Late Claim Submission (>30 days), Patient Eligibility Not Verified, Payment Ratio",
CCLM-00085,0.6312059396695049,High,1,"Missing Required Prior Authorization, High-risk segment: Payer: Medicare Advantage, Multiple administrative gaps",
CCLM-00124,0.6303376796998067,High,1,"Late Claim Submission (>30 days), High-risk segment: Payer ID: P008, Num Procedures",
CCLM-00473,0.6281328143834566,High,1,"Late Claim Submission (>30 days), Missing Supporting Documentation, Multiple administrative gaps",
CCLM-00365,0.6278512393650065,High,1,"Multiple administrative gaps, Missing Supporting Documentation, Num Procedures",
CCLM-00377,0.6259080400433595,High,1,"Missing Required Prior Authorization, Num Procedures, Complexity Score",
CCLM-00370,0.6248580897599781,High,1,"Patient Eligibility Not Verified, High-risk segment: Payer ID: P008, Payment Ratio",
CCLM-00189,0.6199757442416305,High,1,"Patient Eligibility Not Verified, Num Procedures, Payment Ratio",
CCLM-00137,0.6199754656719357,High,1,"Patient Eligibility Not Verified, High-risk segment: Payer ID: P008, High-risk segment: Payer: Medicaid MCO",
CCLM-00471,0.6180429673732049,High,1,"Missing Required Prior Authorization, Num Procedures, Complexity Score",
CCLM-00180,0.6177391102078256,High,1,"Missing Supporting Documentation, Payment Ratio, High-risk segment: Payer ID: P008",
CCLM-00130,0.6160344851655727,High,1,"Missing Supporting Documentation, High-risk segment: Payer: Medicare Advantage, Multiple administrative gaps",
CCLM-00439,0.6152819796403425,High,1,"Multiple administrative gaps, Missing Supporting Documentation, Missing Required Referral",
CCLM-00470,0.6144233976369499,High,1,"Missing Required Prior Authorization, Billed Per Diagnosis, Log Total Billed",
CCLM-00254,0.6135799040867522,High,1,"Multiple administrative gaps, Missing Supporting Documentation, Complexity Score",
CCLM-00338,0.6096646730731365,High,1,"Payment Ratio, Patient Eligibility Not Verified, High-risk segment: Payer ID: P008",
CCLM-00115,0.6079760087544159,High,1,"Late Claim Submission (>30 days), Missing Supporting Documentation, Multiple administrative gaps",
CCLM-00117,0.6046271670844486,High,1,"Patient Eligibility Not Verified, High-risk segment: Payer ID: P008, Payment Ratio",
CCLM-00447,0.6041661711125556,High,1,"Late Claim Submission (>30 days), High-risk payer & visit combination, High-risk segment: Payer: Medicaid MCO",
CCLM-00239,0.6029118249231282,High,1,"Missing Required Prior Authorization, Payment Ratio, High-risk segment: Payer: Medicaid MCO",
CCLM-00468,0.60158199913388,High,1,"Missing Supporting Documentation, Payment Ratio, High-risk segment: Payer ID: P006",
CCLM-00295,0.6009647543891128,High,1,"Payment Ratio, Patient Eligibility Not Verified, High-risk segment: Payer: Medicaid MCO",
CCLM-00139,0.5991386719944877,High,1,"Missing Supporting Documentation, High-risk segment: Payer: Medicare Advantage, Multiple administrative gaps",
CCLM-00209,0.599136366495211,High,1,"Patient Eligibility Not Verified, High-risk payer & visit combination, Payment Ratio",
CCLM-00305,0.5972787717507182,High,1,"Late Claim Submission (>30 days), Payment Ratio, Num Procedures",
CCLM-00174,0.5928922142422893,High,1,"Missing Supporting Documentation, Payment Ratio, High-risk segment: Payer: Medicare Advantage",
CCLM-00296,0.5927373476328772,High,1,"Billed Per Procedure, Patient Eligibility Not Verified, Multiple administrative gaps",
CCLM-00204,0.590918864850956,High,1,"Multiple administrative gaps, Missing Supporting Documentation, Missing Required Referral",
CCLM-00044,0.5906754465632812,High,1,"Multiple administrative gaps, Payment Ratio, Patient Eligibility Not Verified",
CCLM-00173,0.589421901943208,High,1,"Late Claim Submission (>30 days), High-risk segment: Payer: Medicaid MCO, Payment Ratio",
CCLM-00231,0.5890041213512729,High,1,"Multiple administrative gaps, Patient Eligibility Not Verified, Num Procedures",
CCLM-00388,0.5886804017296575,High,1,"Missing Required Referral, High-risk segment: Payer ID: P008, High-risk payer & visit combination",
CCLM-00203,0.5874436562352481,High,1,"Missing Supporting Documentation, Payment Ratio, High-risk segment: Payer: Medicaid MCO",
CCLM-00299,0.5865834256937696,High,1,"Missing Supporting Documentation, Payment Ratio, High-risk segment: Payer: Medicaid MCO",
CCLM-00068,0.5847604226844719,High,1,"Missing Supporting Documentation, Complexity Score, High-risk segment: Payer ID: P003",
CCLM-00108,0.5843335167980457,High,1,"Missing Supporting Documentation, Payment Ratio, High-risk segment: Payer ID: P006",
CCLM-00088,0.5822858447693303,High,1,"Multiple administrative gaps, Patient Eligibility Not Verified, Payment Ratio",
CCLM-00310,0.5820300936883909,High,1,"Patient Eligibility Not Verified, High-risk segment: Payer ID: P006, High-risk segment: Payer: Medicare Advantage",
CCLM-00126,0.5756957181070828,High,1,"Late Claim Submission (>30 days), Missing Supporting Documentation, Multiple administrative gaps",
CCLM-00158,0.5747002135589191,High,1,"Missing Supporting Documentation, Num Procedures, Complexity Score",
CCLM-00294,0.5742196927001789,High,1,"Missing Required Prior Authorization, Payment Ratio, High-risk segment: Payer: Medicaid MCO",
CCLM-00003,0.5703975644335474,High,1,"Patient Eligibility Not Verified, High-risk segment: Payer ID: P006, Payment Ratio",
CCLM-00288,0.5682260614177693,High,0,"Multiple administrative gaps, Patient Eligibility Not Verified, Payment Ratio",
CCLM-00055,0.5677130078309947,High,0,"Missing Required Prior Authorization, High-risk segment: Payer: Medicare Advantage, Multiple administrative gaps",
CCLM-00308,0.5660173525459848,High,0,"Missing Supporting Documentation, Payment Ratio, High-risk segment: Payer: Medicaid MCO",
CCLM-00184,0.5654233219696847,High,0,"Num Procedures, Complexity Score, High-risk payer & visit combination",
CCLM-00207,0.5651491633908701,High,0,"Late Claim Submission (>30 days), Missing Required Referral, High-risk segment: Payer ID: P006",
CCLM-00328,0.5645352902445306,High,0,"Payment Ratio, Missing Required Referral, High-risk payer & visit combination",
CCLM-00222,0.5617618340311338,High,0,"Patient Eligibility Not Verified, High-risk segment: Payer ID: P008, Payment Ratio",
CCLM-00192,0.5568589948239875,High,0,"Num Procedures, Complexity Score, High-risk payer & visit combination",
CCLM-00461,0.5567974751314401,High,0,"Missing Required Prior Authorization, Log Total Billed, Multiple administrative gaps",
CCLM-00253,0.5559379250366666,High,0,"Patient Eligibility Not Verified, Payment Ratio, High-risk segment: Payer: Medicaid MCO",
CCLM-00032,0.5552370019491732,High,0,"Missing Supporting Documentation, Multiple administrative gaps, Payment Ratio",
CCLM-00494,0.5544591546881861,High,0,"Payment Ratio, High-risk segment: Payer ID: P008, Num Procedures",
CCLM-00102,0.5528549966810385,High,0,"Late Claim Submission (>30 days), Payment Ratio, High-risk segment: Payer: Medicaid MCO",
CCLM-00196,0.5520586150274873,High,0,"Payment Ratio, High-risk payer & visit combination, Num Procedures",
CCLM-00077,0.5517813380835388,High,0,"Payment Ratio, Missing Required Referral, High-risk segment: Payer ID: P006",
CCLM-00270,0.5516850093605641,High,0,"Late Claim Submission (>30 days), High-risk segment: Payer ID: P008, High-risk segment: Payer: Medicaid MCO",
CCLM-00376,0.550524027116982,High,0,"Late Claim Submission (>30 days), High-risk payer & visit combination, High-risk segment: Payer: Medicaid MCO",
CCLM-00311,0.5493955358042069,High,0,"Missing Required Prior Authorization, Complexity Score, Multiple administrative gaps",
CCLM-00268,0.548229991200243,High,0,"Late Claim Submission (>30 days), Billed Per Procedure, Payment Ratio",
CCLM-00401,0.5469702330960076,Medium,0,"Missing Supporting Documentation, High-risk segment: Payer: Medicare Advantage, Multiple administrative gaps",
CCLM-00252,0.5444922229552625,Medium,0,"Missing Supporting Documentation, Billed Per Procedure, Log Total Billed",
CCLM-00385,0.5441980628081667,Medium,0,"Missing Supporting Documentation, High-risk segment: Payer ID: P003, Multiple administrative gaps",
CCLM-00182,0.5419470015496968,Medium,0,"Missing Supporting Documentation, Payment Ratio, High-risk segment: Payer ID: P006",
CCLM-00378,0.5410899943706042,Medium,0,"Late Claim Submission (>30 days), Payment Ratio, High-risk segment: Payer: Medicaid MCO",
CCLM-00317,0.5393444095481092,Medium,0,"Multiple administrative gaps, Missing Supporting Documentation, High-risk segment: Visit: Inpatient",
CCLM-00166,0.5389239955984282,Medium,0,"Missing Supporting Documentation, Payment Ratio, Multiple administrative gaps",
CCLM-00443,0.5384989111678781,Medium,0,"Late Claim Submission (>30 days), High-risk segment: Payer: Medicare Advantage, Multiple administrative gaps",
CCLM-00304,0.5365062943655197,Medium,0,"Patient Eligibility Not Verified, High-risk segment: Payer ID: P006, High-risk segment: Payer: Medicare Advantage",
CCLM-00202,0.535297013586752,Medium,0,"Missing Supporting Documentation, Payment Ratio, Num Procedures",
CCLM-00345,0.5351324701453678,Medium,0,"Patient Eligibility Not Verified, Billed Per Procedure, Log Total Billed",
CCLM-00491,0.5346476505133682,Medium,0,"Missing Supporting Documentation, Payment Ratio, Multiple administrative gaps",
CCLM-00156,0.534403343036072,Medium,0,"Missing Required Referral, Multiple administrative gaps, High-risk segment: Payer: Medicaid MCO",
CCLM-00190,0.5272780652735565,Medium,0,"Multiple administrative gaps, Patient Eligibility Not Verified, High-risk segment: Payer: Medicaid MCO",
CCLM-00230,0.5269413082183748,Medium,0,"Late Claim Submission (>30 days), High-risk payer & visit combination, High-risk segment: Payer: Medicaid MCO",
CCLM-00384,0.5263884127991252,Medium,0,"Missing Supporting Documentation, Multiple administrative gaps, High-risk segment: Visit: Outpatient",
CCLM-00364,0.524977183889167,Medium,0,"Missing Supporting Documentation, High-risk segment: Payer: Medicare Advantage, Multiple administrative gaps",
CCLM-00269,0.524882928789923,Medium,0,"Payment Ratio, Missing Required Referral, High-risk segment: Payer: Medicaid MCO",
CCLM-00405,0.5248509291043945,Medium,0,"Missing Supporting Documentation, Multiple administrative gaps, High-risk segment: Visit: Outpatient",
CCLM-00318,0.5243598946549669,Medium,0,"Missing Required Prior Authorization, Num Procedures, Multiple administrative gaps",
CCLM-00217,0.523654399648984,Medium,0,"Missing Required Prior Authorization, High-risk segment: Payer ID: P003, Multiple administrative gaps",
CCLM-00421,0.5235255957946137,Medium,0,"Complexity Score, Payment Ratio, Num Procedures",
CCLM-00157,0.5209688940763634,Medium,0,"Patient Eligibility Not Verified, Num Procedures, Multiple administrative gaps",
CCLM-00255,0.5202401299968484,Medium,0,"Missing Required Prior Authorization, High-risk segment: Payer ID: P003, Multiple administrative gaps",
CCLM-00054,0.5202230707204523,Medium,0,"Missing Supporting Documentation, Num Procedures, Log Total Billed",
CCLM-00151,0.5177205798499188,Medium,0,"Patient Eligibility Not Verified, High-risk segment: Payer ID: P006, Payment Ratio",
CCLM-00455,0.5156599293169262,Medium,0,"Payment Ratio, Missing Required Referral, High-risk segment: Payer ID: P008",
CCLM-00006,0.5148077268873624,Medium,0,"Multiple administrative gaps, Missing Supporting Documentation, High-risk segment: Payer ID: P010",
CCLM-00017,0.5141960525389114,Medium,0,"Missing Supporting Documentation, Multiple administrative gaps, High-risk segment: Payer ID: P010",
CCLM-00431,0.513359181125803,Medium,0,"Missing Supporting Documentation, High-risk segment: Payer ID: P006, High-risk segment: Payer: Medicare Advantage",
CCLM-00206,0.5128051967804397,Medium,0,"Payment Ratio, High-risk segment: Payer ID: P008, High-risk payer & visit combination",
CCLM-00263,0.5127740365600469,Medium,0,"Missing Required Prior Authorization, Multiple administrative gaps, High-risk segment: Visit: Outpatient",
CCLM-00475,0.5125893033308996,Medium,0,"Patient Eligibility Not Verified, Multiple administrative gaps, High-risk segment: Visit: Outpatient",
CCLM-00373,0.506809254666143,Medium,0,"Late Claim Submission (>30 days), High-risk segment: Visit: Inpatient, Complexity Score",
CCLM-00247,0.5064907929202166,Medium,0,"Payment Ratio, High-risk segment: Payer ID: P008, High-risk payer & visit combination",
CCLM-00324,0.5033314383741505,Medium,0,"Missing Required Prior Authorization, Multiple administrative gaps, High-risk segment: Visit: Inpatient",
CCLM-00191,0.5032263188465572,Medium,0,"Payment Ratio, High-risk payer & visit combination, Num Procedures",
CCLM-00143,0.5031338266276996,Medium,0,"Missing Required Prior Authorization, Multiple administrative gaps, High-risk segment: Visit: Outpatient",
CCLM-00046,0.502770601098235,Medium,0,"Missing Supporting Documentation, Multiple administrative gaps, High-risk segment: Visit: Inpatient",
CCLM-00474,0.5001031018825872,Medium,0,"Num Procedures, Payment Ratio, High-risk segment: Payer ID: P006",
CCLM-00212,0.499684864949698,Medium,0,"Missing Required Referral, High-risk payer & visit combination, Payment Ratio",
CCLM-00103,0.49876245745887554,Medium,0,"Missing Required Prior Authorization, High-risk segment: Payer ID: P003, Multiple administrative gaps",
CCLM-00199,0.49703124499670115,Medium,0,"Patient Eligibility Not Verified, Multiple administrative gaps, High-risk segment: Visit: Outpatient",
CCLM-00435,0.4963363370366366,Medium,0,"Billed Per Procedure, High-risk segment: Payer ID: P008, High-risk segment: Payer: Medicaid MCO",
CCLM-00464,0.4948084980818272,Medium,0,"Late Claim Submission (>30 days), Billed Per Diagnosis, High-risk segment: Visit: Outpatient",
CCLM-00053,0.4932308645650772,Medium,0,"Missing Supporting Documentation, High-risk segment: Payer ID: P003, Multiple administrative gaps",
CCLM-00412,0.492036456666532,Medium,0,"Late Claim Submission (>30 days), Patient Eligibility Not Verified, Multiple administrative gaps",
CCLM-00424,0.4903951711146019,Medium,0,"Late Claim Submission (>30 days), High-risk payer & visit combination, High-risk segment: Payer: Medicaid MCO",
CCLM-00277,0.49022593046234497,Medium,0,"Missing Required Referral, Multiple administrative gaps, High-risk segment: Visit: Inpatient",
CCLM-00331,0.48875984036766046,Medium,0,"Patient Eligibility Not Verified, High-risk segment: Payer: Medicare Advantage, Multiple administrative gaps",
CCLM-00154,0.4882342946241641,Medium,0,"Missing Required Prior Authorization, Multiple administrative gaps, High-risk segment: Visit: Outpatient",
CCLM-00235,0.4879332819904882,Medium,0,"Late Claim Submission (>30 days), Payment Ratio, High-risk segment: Payer ID: P006",
CCLM-00354,0.4879083015506897,Medium,0,"Late Claim Submission (>30 days), Payment Ratio, High-risk segment: Payer: Medicaid MCO",
CCLM-00187,0.48739088196395225,Medium,0,"Missing Supporting Documentation, High-risk segment: Payer ID: P003, Multiple administrative gaps",
CCLM-00313,0.4873501775773416,Medium,0,"Late Claim Submission (>30 days), Billed Per Procedure, Log Total Billed",
CCLM-00039,0.48659264610525704,Medium,0,"Missing Supporting Documentation, Multiple administrative gaps, Has Prior Auth",
CCLM-00195,0.4854838968444447,Medium,0,"Payment Ratio, High-risk segment: Payer ID: P008, High-risk segment: Payer: Medicaid MCO",
CCLM-00240,0.48541809395707486,Medium,0,"Missing Supporting Documentation, High-risk segment: Payer ID: P003, Multiple administrative gaps",
CCLM-00234,0.48187666708290894,Medium,0,"Missing Required Prior Authorization, Num Procedures, Multiple administrative gaps",
CCLM-00315,0.48038447783534177,Medium,0,"Payment Ratio, Num Procedures, High-risk payer & visit combination",
CCLM-00418,0.4801934057459984,Medium,0,"Billed Per Procedure, High-risk segment: Payer ID: P006, High-risk segment: Payer: Medicare Advantage",
CCLM-00148,0.4792217299399802,Medium,0,"Patient Eligibility Not Verified, Num Procedures, Multiple administrative gaps",
CCLM-00337,0.4746369677526386,Medium,0,"Missing Supporting Documentation, Multiple administrative gaps, High-risk segment: Visit: Inpatient",
CCLM-00326,0.47274336486065255,Medium,0,"High-risk segment: Payer ID: P008, High-risk segment: Payer: Medicaid MCO, High-risk segment: Visit: Outpatient",
CCLM-00467,0.4713288693997616,Medium,0,"High-risk segment: Payer ID: P008, Payment Ratio, High-risk payer & visit combination",
CCLM-00248,0.4712359599309624,Medium,0,"Missing Supporting Documentation, Multiple administrative gaps, High-risk segment: Visit: Inpatient",
CCLM-00349,0.4701985257390191,Medium,0,"Num Procedures, Complexity Score, Payment Ratio",
CCLM-00441,0.46737655454990934,Medium,0,"Patient Eligibility Not Verified, High-risk segment: Payer: Medicare Advantage, Payment Ratio",
CCLM-00371,0.4648265820326538,Medium,0,"Missing Required Prior Authorization, Multiple administrative gaps, High-risk segment: Visit: Outpatient",
CCLM-00487,0.4636021888586707,Medium,0,"Late Claim Submission (>30 days), High-risk segment: Visit: Outpatient, High-risk segment: Payer ID: P010",
CCLM-00282,0.4626440535107804,Medium,0,"Payment Ratio, Missing Required Referral, High-risk segment: Payer ID: P006",
CCLM-00448,0.46214478339517406,Medium,0,"Missing Required Prior Authorization, Multiple administrative gaps, High-risk segment: Visit: Outpatient",
CCLM-00145,0.4589667742641895,Medium,0,"Patient Eligibility Not Verified, Multiple administrative gaps, High-risk segment: Visit: Inpatient",
CCLM-00360,0.45888565000053894,Medium,0,"Payment Ratio, High-risk segment: Payer ID: P006, High-risk segment: Payer: Medicare Advantage",
CCLM-00091,0.45822332908478475,Medium,0,"Late Claim Submission (>30 days), High-risk segment: Visit: Outpatient, Payment Ratio",
CCLM-00089,0.45637822403792944,Medium,0,"Payment Ratio, High-risk payer & visit combination, High-risk segment: Payer: Medicaid MCO",
CCLM-00020,0.4555992104587114,Medium,0,"Patient Eligibility Not Verified, Num Procedures, Complexity Score",
CCLM-00382,0.45512781604361424,Medium,0,"Missing Required Referral, High-risk segment: Payer ID: P008, High-risk segment: Payer: Medicaid MCO",
CCLM-00178,0.4532886703298403,Medium,0,"Payment Ratio, High-risk segment: Payer ID: P008, High-risk segment: Payer: Medicaid MCO",
CCLM-00142,0.4525930860764623,Medium,0,"Missing Required Prior Authorization, Multiple administrative gaps, High-risk segment: Visit: Outpatient",
CCLM-00375,0.4516202569753063,Medium,0,"Payment Ratio, High-risk segment: Payer ID: P008, High-risk segment: Payer: Medicaid MCO",
CCLM-00450,0.44989707134823514,Medium,0,"Missing Required Referral, Payment Ratio, High-risk segment: Payer ID: P006",
CCLM-00341,0.4496120739124372,Medium,0,"Missing Required Referral, Payment Ratio, High-risk segment: Payer ID: P006",
CCLM-00478,0.4492272732146574,Medium,0,"High-risk segment: Payer ID: P008, High-risk payer & visit combination, High-risk segment: Payer: Medicaid MCO",
CCLM-00050,0.44741503164834323,Medium,0,"Patient Eligibility Not Verified, Multiple administrative gaps, Log Total Billed",
CCLM-00215,0.44683527422469776,Medium,0,"High-risk segment: Payer ID: P008, Payment Ratio, High-risk segment: Payer: Medicaid MCO",
CCLM-00413,0.4465398935429718,Medium,0,"Patient Eligibility Not Verified, High-risk segment: Payer ID: P003, Multiple administrative gaps",
CCLM-00073,0.44652370305379174,Medium,0,"High-risk segment: Payer ID: P008, Payment Ratio, High-risk payer & visit combination",
CCLM-00275,0.44260969331012484,Medium,0,"Payment Ratio, High-risk payer & visit combination, High-risk segment: Payer: Medicaid MCO",
CCLM-00014,0.4425385946861689,Medium,0,"Missing Required Referral, Payment Ratio, High-risk segment: Payer: Medicaid MCO",
CCLM-00319,0.4420417908340607,Medium,0,"Payment Ratio, High-risk payer & visit combination, High-risk segment: Payer: Medicaid MCO",
CCLM-00009,0.44124532542452993,Medium,0,"Payment Ratio, High-risk segment: Payer ID: P008, High-risk segment: Payer: Medicaid MCO",
CCLM-00101,0.43965423774725426,Medium,0,"Payment Ratio, High-risk payer & visit combination, High-risk segment: Payer: Medicaid MCO",
CCLM-00291,0.43861660999859814,Medium,0,"Payment Ratio, High-risk payer & visit combination, High-risk segment: Payer: Medicaid MCO",
CCLM-00257,0.4376040879032489,Medium,0,"High-risk segment: Payer ID: P006, Payment Ratio, High-risk segment: Payer: Medicare Advantage",
CCLM-00070,0.43663876985144484,Medium,0,"Late Claim Submission (>30 days), High-risk segment: Visit: Outpatient, Referral Required",
CCLM-00262,0.4361978117599133,Medium,0,"High-risk segment: Payer: Medicare Advantage, Payment Ratio, High-risk segment: Visit: Inpatient",
CCLM-00061,0.43552688727976613,Medium,0,"Late Claim Submission (>30 days), Multiple administrative gaps, Referral Required",
CCLM-00287,0.43489999672043445,Medium,0,"Multiple administrative gaps, Missing Supporting Documentation, High-risk segment: Visit: Outpatient",
CCLM-00005,0.43455306337346356,Medium,0,"Payment Ratio, High-risk segment: Payer ID: P008, High-risk segment: Payer: Medicaid MCO",
CCLM-00397,0.4320059833734475,Medium,0,"High-risk segment: Payer ID: P008, Payment Ratio, High-risk payer & visit combination",
CCLM-00233,0.43144691721086664,Medium,0,"Missing Required Referral, High-risk segment: Payer: Medicare Advantage, Multiple administrative gaps",
CCLM-00144,0.4313352579577375,Medium,0,"Billed Per Procedure, High-risk payer & visit combination, High-risk segment: Payer: Medicaid MCO",
CCLM-00488,0.42878972066931526,Medium,0,"Payment Ratio, High-risk segment: Payer ID: P008, High-risk segment: Payer: Medicaid MCO",
CCLM-00379,0.4282704789911263,Medium,0,"High-risk payer & visit combination, High-risk segment: Payer: Medicaid MCO, Payment Ratio",
CCLM-00171,0.42574516911738086,Medium,0,"Missing Supporting Documentation, Multiple administrative gaps, High-risk segment: Visit: Outpatient",
CCLM-00012,0.4232990277489344,Medium,0,"Payment Ratio, High-risk segment: Payer ID: P006, High-risk segment: Payer: Medicare Advantage",
CCLM-00436,0.42224567778278155,Medium,0,"High-risk segment: Payer ID: P006, High-risk segment: Payer: Medicare Advantage, High-risk segment: Visit: Inpatient",
CCLM-00393,0.42148219942636905,Medium,0,"Missing Supporting Documentation, Multiple administrative gaps, High-risk segment: Visit: Outpatient",
CCLM-00408,0.42148151085036556,Medium,0,"High-risk segment: Payer ID: P008, Payment Ratio, High-risk payer & visit combination",
CCLM-00121,0.4207787359730511,Medium,0,"Billed Per Procedure, High-risk segment: Payer ID: P006, High-risk segment: Payer: Medicare Advantage",
CCLM-00052,0.4206344095932238,Medium,0,"Missing Supporting Documentation, Num Procedures, Multiple administrative gaps",
CCLM-00495,0.4198480632026752,Medium,0,"Payment Ratio, High-risk segment: Payer ID: P006, High-risk segment: Payer: Medicare Advantage",
CCLM-00490,0.41894600311119595,Medium,0,"Missing Required Referral, Multiple administrative gaps, Prior Auth Required",
CCLM-00369,0.41868618352997505,Medium,0,"High-risk segment: Payer ID: P006, High-risk segment: Payer: Medicare Advantage, Payment Ratio",
CCLM-00092,0.41852435797184573,Medium,0,"Billed Per Procedure, Log Total Billed, High-risk segment: Visit: Inpatient",
CCLM-00067,0.415742330588174,Medium,0,"Payment Ratio, High-risk segment: Payer: Medicaid MCO, Log Total Billed",
CCLM-00024,0.4153440876723358,Medium,0,"Num Procedures, Complexity Score, High-risk segment: Visit: Inpatient",
CCLM-00278,0.41392080138800125,Medium,0,"High-risk segment: Payer ID: P006, Payment Ratio, High-risk segment: Payer: Medicare Advantage",
CCLM-00036,0.4139102166645002,Medium,0,"Late Claim Submission (>30 days), Referral Required, Provider Not in Payer Network",
CCLM-00498,0.41313025476689585,Medium,0,"High-risk payer & visit combination, Payment Ratio, High-risk segment: Payer: Medicaid MCO",
CCLM-00339,0.4125840081120247,Medium,0,"Payment Ratio, High-risk segment: Payer ID: P008, High-risk segment: Payer: Medicaid MCO",
CCLM-00320,0.4101921174172096,Medium,0,"Payment Ratio, High-risk segment: Payer: Medicaid MCO, High-risk segment: Visit: Outpatient",
CCLM-00081,0.4097895701146333,Medium,0,"Payment Ratio, High-risk segment: Payer ID: P006, High-risk segment: Payer: Medicare Advantage",
CCLM-00109,0.40860684018503973,Medium,0,"Payment Ratio, High-risk payer & visit combination, Num Procedures",
CCLM-00422,0.40845527132475,Low,0,"Payment Ratio, High-risk payer & visit combination, High-risk segment: Payer: Medicaid MCO",
CCLM-00065,0.40778091528615373,Low,0,"Late Claim Submission (>30 days), Multiple administrative gaps, Payment Ratio",
CCLM-00312,0.40645408949847656,Low,0,"Missing Supporting Documentation, Multiple administrative gaps, Num Procedures",
CCLM-00216,0.4063787706998605,Low,0,"Patient Eligibility Not Verified, Multiple administrative gaps, High-risk segment: Visit: Outpatient",
CCLM-00449,0.4060128473122601,Low,0,"High-risk segment: Payer: Medicaid MCO, Payment Ratio, Multiple administrative gaps",
CCLM-00025,0.40542566067250957,Low,0,"Missing Required Referral, Multiple administrative gaps, High-risk segment: Visit: Outpatient",
CCLM-00271,0.40541706031035174,Low,0,"Payment Ratio, High-risk payer & visit combination, High-risk segment: Payer: Medicaid MCO",
CCLM-00045,0.40535018933387007,Low,0,"Payment Ratio, High-risk segment: Payer ID: P008, High-risk segment: Payer: Medicaid MCO",
CCLM-00362,0.40393779718360534,Low,0,"Num Procedures, Complexity Score, High-risk segment: Payer ID: P003",
CCLM-00321,0.40348235461987275,Low,0,"Missing Supporting Documentation, Multiple administrative gaps, High-risk segment: Visit: Outpatient",
CCLM-00040,0.4017364815370511,Low,0,"Billed Per Procedure, Log Total Billed, Multiple administrative gaps",
CCLM-00466,0.40155847475208595,Low,0,"High-risk segment: Payer ID: P006, High-risk segment: Payer: Medicare Advantage, High-risk segment: Visit: Outpatient",
CCLM-00325,0.4008139620318529,Low,0,"Payment Ratio, High-risk payer & visit combination, High-risk segment: Payer: Medicaid MCO",
CCLM-00141,0.40039129584841826,Low,0,"High-risk payer & visit combination, High-risk segment: Payer: Medicaid MCO, Payment Ratio",
CCLM-00423,0.39887955192177205,Low,0,"Payment Ratio, Late Claim Submission (>30 days), High-risk segment: Visit: Outpatient",
CCLM-00452,0.39796504245538383,Low,0,"Payment Ratio, High-risk segment: Payer: Medicaid MCO, Multiple administrative gaps",
CCLM-00122,0.39794923141138,Low,0,"Payment Ratio, High-risk segment: Payer ID: P006, High-risk segment: Payer: Medicare Advantage",
CCLM-00438,0.397900708185744,Low,0,"Num Procedures, Complexity Score, High-risk segment: Visit: Inpatient",
CCLM-00114,0.3965667370642427,Low,0,"Billed Per Procedure, Log Total Billed, High-risk segment: Payer ID: P003",
CCLM-00018,0.3958017953047342,Low,0,"Payment Ratio, High-risk payer & visit combination, High-risk segment: Payer: Medicaid MCO",
CCLM-00194,0.39447807002839874,Low,0,"Payment Ratio, High-risk payer & visit combination, High-risk segment: Payer: Medicaid MCO",
CCLM-00080,0.39440842790355113,Low,0,"Late Claim Submission (>30 days), Complexity Score, Referral Required",
CCLM-00188,0.3921725888333893,Low,0,"Num Procedures, High-risk segment: Payer: Medicare Advantage, High-risk segment: Visit: Inpatient",
CCLM-00076,0.3918510712744246,Low,0,"Payment Ratio, High-risk segment: Payer: Medicaid MCO, High-risk segment: Visit: Outpatient",
CCLM-00159,0.3905091011573176,Low,0,"Billed Per Procedure, Log Total Billed, Payment Ratio",
CCLM-00404,0.39012940959276793,Low,0,"Payment Ratio, High-risk segment: Payer: Medicaid MCO, Multiple administrative gaps",
CCLM-00219,0.3880238384084411,Low,0,"Patient Eligibility Not Verified, Multiple administrative gaps, High-risk segment: Visit: Outpatient",
CCLM-00128,0.3860482524512166,Low,0,"High-risk segment: Payer ID: P008, Payment Ratio, High-risk segment: Payer: Medicaid MCO",
CCLM-00484,0.3852836558203077,Low,0,"Payment Ratio, High-risk segment: Payer ID: P006, High-risk segment: Payer: Medicare Advantage",
CCLM-00411,0.3850890310153635,Low,0,"Num Procedures, High-risk segment: Payer ID: P003, Log Total Billed",
CCLM-00333,0.3841271210497589,Low,0,"High-risk segment: Payer ID: P006, High-risk segment: Payer: Medicare Advantage, Late Claim Submission (>30 days)",
CCLM-00004,0.38381448835017645,Low,0,"High-risk segment: Payer ID: P003, Log Total Billed, Billed Per Procedure",
CCLM-00394,0.3836987451092479,Low,0,"High-risk segment: Payer: Medicaid MCO, Multiple administrative gaps, High-risk segment: Visit: Outpatient",
CCLM-00007,0.38351031441097244,Low,0,"Patient Eligibility Not Verified, Multiple administrative gaps, Payment Ratio",
CCLM-00472,0.38337811431558094,Low,0,"Complexity Score, High-risk segment: Visit: Inpatient, Num Diagnoses",
CCLM-00066,0.381886737773232,Low,0,"High-risk segment: Payer: Medicare Advantage, Payment Ratio, High-risk segment: Visit: Outpatient",
CCLM-00314,0.3786977415129115,Low,0,"Missing Required Referral, High-risk segment: Payer ID: P003, Multiple administrative gaps",
CCLM-00048,0.3782019966315479,Low,0,"High-risk segment: Payer ID: P003, Complexity Score, Log Total Billed",
CCLM-00486,0.3781266576999848,Low,0,"Num Procedures, High-risk segment: Payer: Medicare Advantage, Log Total Billed",
CCLM-00002,0.3781221290347342,Low,0,"Late Claim Submission (>30 days), High-risk segment: Payer ID: P003, High-risk segment: Visit: Outpatient",
CCLM-00238,0.37678067403420157,Low,0,"Late Claim Submission (>30 days), High-risk segment: Visit: Outpatient, Billed Per Procedure",
CCLM-00355,0.37586122109347886,Low,0,"Late Claim Submission (>30 days), High-risk segment: Visit: Inpatient, Complexity Score",
CCLM-00398,0.3757654703232353,Low,0,"High-risk segment: Payer ID: P006, High-risk segment: Payer: Medicare Advantage, Payment Ratio",
CCLM-00390,0.37560552375053935,Low,0,"Billed Per Procedure, High-risk segment: Payer ID: P003, Log Total Billed",
CCLM-00149,0.37468282670895153,Low,0,"High-risk segment: Payer ID: P006, High-risk segment: Payer: Medicare Advantage, High-risk segment: Visit: Inpatient",
CCLM-00110,0.374673939675608,Low,0,"High-risk segment: Payer ID: P008, High-risk segment: Payer: Medicaid MCO, Payment Ratio",
CCLM-00430,0.37337930060787816,Low,0,"Patient Eligibility Not Verified, Multiple administrative gaps, Referral Required",
CCLM-00120,0.3728813419368629,Low,0,"High-risk segment: Payer ID: P006, High-risk segment: Payer: Medicare Advantage, Payment Ratio",
CCLM-00140,0.36886047851112175,Low,0,"Payment Ratio, High-risk segment: Payer: Medicare Advantage, Multiple administrative gaps",
CCLM-00097,0.36832938443817365,Low,0,"Num Procedures, Multiple administrative gaps, High-risk segment: Visit: Outpatient",
CCLM-00031,0.36814863114779756,Low,0,"Log Total Billed, High-risk segment: Visit: Inpatient, Billed Per Procedure",
CCLM-00366,0.3649291028063279,Low,0,"Patient Eligibility Not Verified, Multiple administrative gaps, High-risk segment: Visit: Outpatient",
CCLM-00106,0.3646579617969961,Low,0,"Payment Ratio, High-risk segment: Payer: Medicaid MCO, High-risk segment: Visit: Outpatient",
CCLM-00074,0.3614135737751775,Low,0,"High-risk segment: Visit: Outpatient, High-risk segment: Payer ID: P010, Log Total Billed",
CCLM-00060,0.36110916339800453,Low,0,"Billed Per Procedure, High-risk segment: Payer: Medicare Advantage, Log Total Billed",
CCLM-00030,0.36059200552255655,Low,0,"Payment Ratio, High-risk segment: Payer: Medicaid MCO, Referral Required",
CCLM-00193,0.3593039308541889,Low,0,"Num Procedures, Complexity Score, High-risk segment: Visit: Inpatient",
CCLM-00107,0.35916104251464337,Low,0,"Patient Eligibility Not Verified, Multiple administrative gaps, High-risk segment: Visit: Outpatient",
CCLM-00374,0.3581620188740177,Low,0,"High-risk segment: Payer: Medicaid MCO, Payment Ratio, High-risk segment: Visit: Outpatient",
CCLM-00113,0.35787107512657723,Low,0,"High-risk segment: Payer ID: P006, High-risk segment: Payer: Medicare Advantage, Referral Required",
CCLM-00075,0.3559021906499911,Low,0,"Payment Ratio, High-risk payer & visit combination, High-risk segment: Payer: Medicaid MCO",
CCLM-00183,0.35480540918120035,Low,0,"Payment Ratio, High-risk segment: Payer ID: P006, High-risk segment: Payer: Medicare Advantage",
CCLM-00251,0.3541456953980527,Low,0,"High-risk segment: Visit: Outpatient, High-risk segment: Payer ID: P010, Referral Required",
CCLM-00417,0.3540922486917359,Low,0,"Late Claim Submission (>30 days), Billed Per Procedure, High-risk segment: Visit: Outpatient",
CCLM-00095,0.35345819716807747,Low,0,"Billed Per Procedure, High-risk segment: Payer: Medicare Advantage, High-risk segment: Visit: Outpatient",
CCLM-00437,0.35287799500589323,Low,0,"High-risk payer & visit combination, High-risk segment: Payer: Medicaid MCO, Payment Ratio",
CCLM-00266,0.35283615960575243,Low,0,"Late Claim Submission (>30 days), High-risk segment: Visit: Outpatient, Referral Required",
CCLM-00496,0.3520418203631497,Low,0,"Payment Ratio, High-risk segment: Payer: Medicare Advantage, Late Claim Submission (>30 days)",
CCLM-00118,0.3515720310849403,Low,0,"High-risk segment: Payer: Medicare Advantage, Billed Per Procedure, Referral Required",
CCLM-00409,0.3513501501847287,Low,0,"Patient Eligibility Not Verified, Multiple administrative gaps, Referral Required",
CCLM-00395,0.3501021873597113,Low,0,"Num Procedures, High-risk segment: Visit: Inpatient, Referral Required",
CCLM-00169,0.34980259954715537,Low,0,"Payment Ratio, High-risk segment: Payer: Medicaid MCO, High-risk segment: Visit: Outpatient",
CCLM-00429,0.3497893162658034,Low,0,"High-risk segment: Payer ID: P006, High-risk segment: Payer: Medicare Advantage, High-risk segment: Visit: Outpatient",
CCLM-00440,0.3490479842794739,Low,0,"High-risk segment: Visit: Inpatient, High-risk segment: Payer ID: P010, Referral Required",
CCLM-00150,0.34887308990842303,Low,0,"High-risk segment: Payer: Medicare Advantage, High-risk segment: Visit: Outpatient, Payment Ratio",
CCLM-00332,0.34879526811825645,Low,0,"Payment Ratio, High-risk segment: Payer: Medicaid MCO, Referral Required",
CCLM-00359,0.34873351269433045,Low,0,"Billed Per Procedure, Log Total Billed, High-risk segment: Visit: Inpatient",
CCLM-00071,0.3482182832702114,Low,0,"Payment Ratio, High-risk segment: Payer: Medicaid MCO, High-risk segment: Visit: Outpatient",
CCLM-00246,0.34800185603427497,Low,0,"Late Claim Submission (>30 days), Referral Required, Provider Not in Payer Network",
CCLM-00281,0.3474307140394322,Low,0,"Complexity Score, Num Procedures, High-risk segment: Payer ID: P010",
CCLM-00223,0.34633116987482027,Low,0,"Payment Ratio, High-risk segment: Payer: Medicare Advantage, High-risk segment: Visit: Outpatient",
CCLM-00229,0.34608436614540194,Low,0,"High-risk segment: Visit: Outpatient, High-risk segment: Payer ID: P010, Referral Required",
CCLM-00164,0.3454700001348024,Low,0,"High-risk segment: Payer: Medicaid MCO, Payment Ratio, High-risk segment: Visit: Outpatient",
CCLM-00343,0.344581497105412,Low,0,"High-risk segment: Visit: Outpatient, Late Claim Submission (>30 days), Referral Required",
CCLM-00469,0.3438503057184088,Low,0,"Payment Ratio, High-risk segment: Payer: Medicaid MCO, Multiple administrative gaps",
CCLM-00241,0.34328347184594926,Low,0,"Late Claim Submission (>30 days), High-risk segment: Visit: Outpatient, Referral Required",
CCLM-00015,0.34294203846533544,Low,0,"Billed Per Procedure, High-risk segment: Payer ID: P003, Log Total Billed",
CCLM-00129,0.3414472422591969,Low,0,"High-risk segment: Visit: Outpatient, Log Total Billed, Referral Required",
CCLM-00038,0.3385571196953042,Low,0,"High-risk segment: Payer ID: P006, High-risk segment: Payer: Medicare Advantage, High-risk segment: Visit: Outpatient",
CCLM-00227,0.3382878758804042,Low,0,"Num Procedures, Complexity Score, Payment Ratio",
CCLM-00220,0.3375454558034848,Low,0,"Missing Required Referral, Multiple administrative gaps, High-risk segment: Payer ID: P010",
CCLM-00367,0.3357980998523102,Low,0,"High-risk segment: Payer: Medicaid MCO, Payment Ratio, Referral Required",
CCLM-00497,0.3350892036423437,Low,0,"Multiple administrative gaps, Patient Eligibility Not Verified, Referral Required",
CCLM-00243,0.33488363468280713,Low,0,"High-risk segment: Visit: Outpatient, High-risk segment: Payer ID: P010, Log Total Billed",
CCLM-00489,0.33270432493581287,Low,0,"High-risk segment: Payer: Medicare Advantage, Log Total Billed, Referral Required",
CCLM-00200,0.3323384382804758,Low,0,"High-risk segment: Visit: Inpatient, Late Claim Submission (>30 days), Log Total Billed",
CCLM-00316,0.33215836724106934,Low,0,"High-risk segment: Visit: Outpatient, Referral Required, Payment Ratio",
CCLM-00112,0.3292309113560548,Low,0,"High-risk segment: Payer ID: P003, High-risk segment: Visit: Outpatient, Referral Required",
CCLM-00353,0.3279749977681803,Low,0,"Late Claim Submission (>30 days), Multiple administrative gaps, High-risk segment: Visit: Outpatient",
CCLM-00249,0.3275729568411358,Low,0,"High-risk segment: Payer ID: P003, High-risk segment: Visit: Outpatient, Payment Ratio",
CCLM-00256,0.32726462869779005,Low,0,"High-risk segment: Visit: Outpatient, Referral Required, Has Prior Auth",
CCLM-00260,0.3272445714402617,Low,0,"High-risk segment: Payer ID: P006, High-risk segment: Payer: Medicare Advantage, High-risk segment: Visit: Outpatient",
CCLM-00043,0.32722275236861353,Low,0,"Payment Ratio, High-risk segment: Payer: Medicaid MCO, High-risk segment: Visit: Outpatient",
CCLM-00181,0.3265254536233233,Low,0,"High-risk segment: Visit: Outpatient, Late Claim Submission (>30 days), Payment Ratio",
CCLM-00286,0.3245757821780591,Low,0,"Missing Required Referral, High-risk segment: Payer ID: P003, Multiple administrative gaps",
CCLM-00035,0.32281121939668356,Low,0,"High-risk segment: Payer ID: P003, High-risk segment: Visit: Outpatient, Payment Ratio",
CCLM-00348,0.3220622693071468,Low,0,"Missing Required Referral, Multiple administrative gaps, Num Procedures",
CCLM-00245,0.32206004402878796,Low,0,"High-risk segment: Payer ID: P010, Referral Required, Num Procedures",
CCLM-00034,0.32015692408973867,Low,0,"Num Procedures, Complexity Score, High-risk segment: Visit: Inpatient",
CCLM-00086,0.3185127841965941,Low,0,"High-risk segment: Payer ID: P010, Complexity Score, Referral Required",
CCLM-00457,0.31836072932444276,Low,0,"Log Total Billed, Billed Per Procedure, Referral Required",
CCLM-00008,0.3170814047862975,Low,0,"High-risk segment: Visit: Outpatient, Num Procedures, Log Total Billed",
CCLM-00132,0.3156361963959019,Low,0,"Complexity Score, Num Procedures, Log Total Billed",
CCLM-00297,0.31370692702616204,Low,0,"High-risk segment: Visit: Outpatient, Referral Required, Has Prior Auth",
CCLM-00079,0.3111448211808534,Low,0,"High-risk segment: Payer: Medicare Advantage, Referral Required, Has Prior Auth",
CCLM-00016,0.3104148649923074,Low,0,"High-risk segment: Visit: Outpatient, Log Total Billed, Referral Required",
CCLM-00460,0.3094672149534126,Low,0,"Multiple administrative gaps, High-risk segment: Payer ID: P010, Referral Required",
CCLM-00283,0.30808942552892676,Low,0,"High-risk segment: Visit: Outpatient, High-risk segment: Payer ID: P010, Referral Required",
CCLM-00298,0.3079699528838484,Low,0,"High-risk segment: Visit: Outpatient, High-risk segment: Payer ID: P010, Referral Required",
CCLM-00162,0.3078504679928127,Low,0,"High-risk segment: Payer ID: P003, Multiple administrative gaps, High-risk segment: Visit: Outpatient",
CCLM-00210,0.3075035610409254,Low,0,"Billed Per Procedure, Log Total Billed, Billed Per Diagnosis",
CCLM-00057,0.3072307000233101,Low,0,"Billed Per Procedure, High-risk segment: Payer: Medicaid MCO, Log Total Billed",
CCLM-00479,0.30601918454964117,Low,0,"High-risk segment: Visit: Outpatient, Referral Required, Has Prior Auth",
CCLM-00306,0.3049211911458552,Low,0,"Num Procedures, Late Claim Submission (>30 days), Referral Required",
CCLM-00172,0.30387426865919326,Low,0,"Multiple administrative gaps, Log Total Billed, High-risk segment: Visit: Inpatient",
CCLM-00175,0.30377625009625114,Low,0,"Num Procedures, Multiple administrative gaps, High-risk segment: Visit: Inpatient",
CCLM-00420,0.3032639460682815,Low,0,"High-risk segment: Visit: Outpatient, Referral Required, Provider Not in Payer Network",
CCLM-00027,0.3020896217543225,Low,0,"High-risk segment: Payer: Medicare Advantage, High-risk segment: Visit: Outpatient, Payment Ratio",
CCLM-00340,0.30016923873648044,Low,0,"High-risk segment: Visit: Inpatient, Referral Required, Log Total Billed",
CCLM-00444,0.29939576113120736,Low,0,"Multiple administrative gaps, High-risk segment: Payer ID: P010, Referral Required",
CCLM-00064,0.29896296270154127,Low,0,"Payment Ratio, High-risk segment: Payer: Medicaid MCO, Has Prior Auth",
CCLM-00301,0.29872943843732236,Low,0,"High-risk segment: Payer ID: P003, High-risk segment: Visit: Inpatient, Num Procedures",
CCLM-00387,0.29719992477453533,Low,0,"Missing Required Referral, Billed Per Procedure, Multiple administrative gaps",
CCLM-00453,0.2968133801540564,Low,0,"Num Procedures, Complexity Score, Late Claim Submission (>30 days)",
CCLM-00274,0.2952997648296242,Low,0,"Num Procedures, Complexity Score, High-risk segment: Visit: Inpatient",
CCLM-00021,0.29425193358736873,Low,0,"High-risk segment: Payer ID: P003, High-risk segment: Visit: Outpatient, Referral Required",
CCLM-00292,0.2940995735775038,Low,0,"High-risk segment: Payer ID: P003, Num Procedures, Complexity Score",
CCLM-00047,0.2939960453127739,Low,0,"High-risk segment: Payer ID: P003, High-risk segment: Visit: Outpatient, Referral Required",
CCLM-00342,0.29366988217221546,Low,0,"Complexity Score, Log Total Billed, High-risk segment: Visit: Inpatient",
CCLM-00351,0.29312451459672917,Low,0,"High-risk segment: Payer ID: P003, High-risk segment: Visit: Outpatient, Log Total Billed",
CCLM-00406,0.29169465976618547,Low,0,"High-risk segment: Visit: Outpatient, Late Claim Submission (>30 days), Referral Required",
CCLM-00265,0.2912645014414269,Low,0,"Billed Per Procedure, Multiple administrative gaps, High-risk segment: Visit: Outpatient",
CCLM-00033,0.290532201938312,Low,0,"High-risk segment: Visit: Inpatient, Log Total Billed, Complexity Score",
CCLM-00264,0.2897030795354008,Low,0,"Num Procedures, Complexity Score, Referral Required",
CCLM-00428,0.2887476302999591,Low,0,"High-risk segment: Payer ID: P003, Referral Required, Num Procedures",
CCLM-00228,0.2880744153869634,Low,0,"Multiple administrative gaps, High-risk segment: Visit: Inpatient, Complexity Score",
CCLM-00293,0.2877307977826842,Low,0,"High-risk segment: Payer: Medicare Advantage, High-risk segment: Visit: Outpatient, Payment Ratio",
CCLM-00261,0.28742045837095215,Low,0,"Multiple administrative gaps, High-risk segment: Visit: Outpatient, Referral Required",
CCLM-00069,0.2873186540018871,Low,0,"High-risk segment: Payer ID: P003, High-risk segment: Visit: Outpatient, Referral Required",
CCLM-00131,0.2873048347906179,Low,0,"Referral Required, Has Prior Auth, Log Total Billed",
CCLM-00078,0.28626042618269676,Low,0,"Num Procedures, High-risk segment: Visit: Outpatient, Referral Required",
CCLM-00161,0.286039842410879,Low,0,"High-risk segment: Visit: Outpatient, Referral Required, Log Total Billed",
CCLM-00456,0.28544262393617426,Low,0,"Billed Per Diagnosis, High-risk segment: Visit: Outpatient, Log Total Billed",
CCLM-00041,0.28465588398620933,Low,0,"High-risk segment: Visit: Outpatient, Billed Per Procedure, Referral Required",
CCLM-00426,0.28452373684729737,Low,0,"High-risk segment: Visit: Outpatient, Referral Required, Has Prior Auth",
CCLM-00201,0.28298759864556194,Low,0,"High-risk segment: Payer ID: P003, Num Procedures, Referral Required",
CCLM-00347,0.2828884089407694,Low,0,"Multiple administrative gaps, High-risk segment: Visit: Outpatient, Referral Required",
CCLM-00244,0.2824892227712212,Low,0,"High-risk segment: Visit: Inpatient, Complexity Score, Num Diagnoses",
CCLM-00389,0.28232987382661706,Low,0,"High-risk segment: Visit: Outpatient, Referral Required, Provider Not in Payer Network",
CCLM-00093,0.2821696201177722,Low,0,"High-risk segment: Visit: Inpatient, Referral Required, Num Procedures",
CCLM-00451,0.28148367000872565,Low,0,"Complexity Score, High-risk segment: Payer ID: P010, Referral Required",
CCLM-00072,0.2814376485579179,Low,0,"Log Total Billed, Referral Required, Late Claim Submission (>30 days)",
CCLM-00160,0.2810965495075511,Low,0,"High-risk segment: Payer ID: P010, Referral Required, Late Claim Submission (>30 days)",
CCLM-00346,0.28106367982300623,Low,0,"High-risk segment: Payer ID: P003, Multiple administrative gaps, High-risk segment: Visit: Outpatient",
CCLM-00100,0.2806445066127845,Low,0,"High-risk segment: Visit: Outpatient, Referral Required, Late Claim Submission (>30 days)",
CCLM-00483,0.2805769665305247,Low,0,"Referral Required, Provider Not in Payer Network, Late Claim Submission (>30 days)",
CCLM-00434,0.2804226881087076,Low,0,"High-risk segment: Payer ID: P003, High-risk segment: Visit: Outpatient, Referral Required",
CCLM-00396,0.2787736570839286,Low,0,"Complexity Score, Num Procedures, Late Claim Submission (>30 days)",
CCLM-00133,0.2787419677626495,Low,0,"Multiple administrative gaps, High-risk segment: Visit: Outpatient, High-risk segment: Payer ID: P010",
CCLM-00218,0.27859078850489866,Low,0,"Multiple administrative gaps, High-risk segment: Visit: Outpatient, Late Claim Submission (>30 days)",
CCLM-00302,0.27818292401629185,Low,0,"High-risk segment: Payer ID: P003, Late Claim Submission (>30 days), Referral Required",
CCLM-00454,0.276888999790289,Low,0,"High-risk segment: Visit: Outpatient, High-risk segment: Payer ID: P010, Referral Required",
CCLM-00226,0.2761759048332699,Low,0,"Payment Ratio, Referral Required, Provider Not in Payer Network",
CCLM-00309,0.2756151802557796,Low,0,"High-risk segment: Payer ID: P003, High-risk segment: Visit: Outpatient, Referral Required",
CCLM-00330,0.2744651901817203,Low,0,"High-risk segment: Payer ID: P003, Log Total Billed, Referral Required",
CCLM-00105,0.27434376057302995,Low,0,"High-risk segment: Visit: Outpatient, Late Claim Submission (>30 days), Referral Required",
CCLM-00127,0.2730364066464088,Low,0,"Late Claim Submission (>30 days), Referral Required, Provider Not in Payer Network",
CCLM-00300,0.2725260613063889,Low,0,"Billed Per Procedure, High-risk segment: Visit: Outpatient, Log Total Billed",
CCLM-00289,0.2715954792220595,Low,0,"High-risk segment: Visit: Outpatient, Referral Required, Num Procedures",
CCLM-00414,0.26998378417146135,Low,0,"High-risk segment: Visit: Outpatient, Referral Required, Has Prior Auth",
CCLM-00111,0.26970079079353043,Low,0,"High-risk segment: Visit: Outpatient, Referral Required, Has Prior Auth",
CCLM-00363,0.26879390287100813,Low,0,"High-risk segment: Visit: Outpatient, High-risk segment: Payer ID: P010, Provider Not in Payer Network",
CCLM-00323,0.2683268757700352,Low,0,"High-risk segment: Visit: Outpatient, Referral Required, Provider Not in Payer Network",
CCLM-00232,0.2680513942992378,Low,0,"High-risk segment: Visit: Outpatient, Referral Required, Has Prior Auth",
CCLM-00391,0.2673993064708918,Low,0,"High-risk segment: Payer ID: P003, Referral Required, Provider Not in Payer Network",
CCLM-00361,0.2673850427107779,Low,0,"High-risk segment: Visit: Outpatient, Late Claim Submission (>30 days), Billed Per Procedure",
CCLM-00205,0.26644330619613665,Low,0,"High-risk segment: Visit: Outpatient, Referral Required, Num Procedures",
CCLM-00059,0.26538632008019164,Low,0,"High-risk segment: Payer ID: P003, High-risk segment: Visit: Outpatient, Referral Required",
CCLM-00433,0.265245374820344,Low,0,"Late Claim Submission (>30 days), Referral Required, Num Procedures",
CCLM-00493,0.26502112811229694,Low,0,"Referral Required, Provider Not in Payer Network, Prior Auth Required",
CCLM-00197,0.2640536414424382,Low,0,"High-risk segment: Payer ID: P003, Num Procedures, High-risk segment: Visit: Outpatient",
CCLM-00480,0.26387722041667494,Low,0,"High-risk segment: Payer ID: P003, High-risk segment: Visit: Outpatient, Referral Required",
CCLM-00357,0.2633132969376698,Low,0,"Multiple administrative gaps, Late Claim Submission (>30 days), High-risk segment: Visit: Outpatient",
CCLM-00001,0.2621868540478613,Low,0,"Payment Ratio, Multiple administrative gaps, Referral Required",
CCLM-00198,0.2616470950773955,Low,0,"Late Claim Submission (>30 days), High-risk segment: Visit: Outpatient, Referral Required",
CCLM-00237,0.26143397792892786,Low,0,"High-risk segment: Visit: Inpatient, Complexity Score, Num Diagnoses",
CCLM-00356,0.26078190449865835,Low,0,"Num Procedures, Complexity Score, Referral Required",
CCLM-00225,0.2606348409653202,Low,0,"Complexity Score, Num Procedures, Num Diagnoses",
CCLM-00499,0.25964828833829345,Low,0,"Referral Required, Num Procedures, Log Total Billed",
CCLM-00096,0.2593680522098101,Low,0,"Num Procedures, High-risk segment: Visit: Inpatient, Complexity Score",
CCLM-00465,0.25892122248303356,Low,0,"Billed Per Procedure, Log Total Billed, Referral Required",
CCLM-00258,0.2588086105531839,Low,0,"High-risk segment: Visit: Inpatient, Referral Required, Num Procedures",
CCLM-00276,0.2573788786533074,Low,0,"Multiple administrative gaps, Referral Required, Log Total Billed",
CCLM-00350,0.2548632155723507,Low,0,"High-risk segment: Payer ID: P003, Billed Per Procedure, Referral Required",
CCLM-00236,0.2547996697409494,Low,0,"Has Prior Auth, Provider Not in Payer Network, Prior Auth Required",
CCLM-00336,0.2545301141834521,Low,0,"High-risk segment: Payer ID: P003, Num Procedures, Complexity Score",
CCLM-00119,0.25303038924544535,Low,0,"High-risk segment: Visit: Outpatient, Referral Required, Has Prior Auth",
CCLM-00083,0.25264393156888265,Low,0,"High-risk segment: Payer ID: P003, High-risk segment: Visit: Outpatient, Billed Per Procedure",
CCLM-00155,0.2517373538451069,Low,0,"High-risk segment: Visit: Outpatient, Provider Not in Payer Network, Expected Payment",
CCLM-00400,0.2515732213286494,Low,0,"High-risk segment: Payer ID: P003, High-risk segment: Visit: Outpatient, Referral Required",
CCLM-00167,0.2504786463827059,Low,0,"High-risk segment: Visit: Outpatient, Referral Required, Has Prior Auth",
CCLM-00146,0.25021274999312554,Low,0,"Log Total Billed, Billed Per Procedure, Has Prior Auth",
CCLM-00026,0.24755951446517324,Low,0,No actionable pre-submission risk flags detected,
CCLM-00211,0.24594821476973625,Low,0,No actionable pre-submission risk flags detected,
CCLM-00425,0.24581373542255644,Low,0,No actionable pre-submission risk flags detected,
CCLM-00056,0.24579225613201347,Low,0,No actionable pre-submission risk flags detected,
CCLM-00273,0.24347836911576087,Low,0,No actionable pre-submission risk flags detected,
CCLM-00485,0.24321091528779937,Low,0,No actionable pre-submission risk flags detected,
CCLM-00303,0.24250578343698634,Low,0,No actionable pre-submission risk flags detected,
CCLM-00186,0.24182996711992705,Low,0,No actionable pre-submission risk flags detected,
CCLM-00138,0.2414846185782006,Low,0,No actionable pre-submission risk flags detected,
CCLM-00427,0.24065458693840178,Low,0,No actionable pre-submission risk flags detected,
CCLM-00399,0.2402644216684964,Low,0,No actionable pre-submission risk flags detected,
CCLM-00267,0.24008437130234817,Low,0,No actionable pre-submission risk flags detected,
CCLM-00462,0.23731871643037916,Low,0,No actionable pre-submission risk flags detected,
CCLM-00327,0.23530760813589524,Low,0,No actionable pre-submission risk flags detected,
CCLM-00153,0.23481365929657255,Low,0,No actionable pre-submission risk flags detected,
CCLM-00335,0.2345363633150305,Low,0,No actionable pre-submission risk flags detected,
CCLM-00084,0.23281762068167927,Low,0,No actionable pre-submission risk flags detected,
CCLM-00284,0.2257038201172205,Low,0,No actionable pre-submission risk flags detected,
CCLM-00090,0.22495523660075453,Low,0,No actionable pre-submission risk flags detected,
CCLM-00415,0.22370301240606394,Low,0,No actionable pre-submission risk flags detected,
CCLM-00419,0.2234868607049969,Low,0,No actionable pre-submission risk flags detected,
CCLM-00010,0.2229776551457228,Low,0,No actionable pre-submission risk flags detected,
CCLM-00029,0.22223116862688255,Low,0,No actionable pre-submission risk flags detected,
CCLM-00022,0.21961824744242509,Low,0,No actionable pre-submission risk flags detected,
CCLM-00368,0.21868923027627035,Low,0,No actionable pre-submission risk flags detected,
CCLM-00458,0.21622187187309524,Low,0,No actionable pre-submission risk flags detected,
CCLM-00123,0.2098838105551046,Low,0,No actionable pre-submission risk flags detected,
CCLM-00403,0.20870647570359568,Low,0,No actionable pre-submission risk flags detected,
CCLM-00242,0.20855322867564208,Low,0,No actionable pre-submission risk flags detected,
CCLM-00482,0.2076860169083335,Low,0,No actionable pre-submission risk flags detected,
CCLM-00329,0.2059237201549248,Low,0,No actionable pre-submission risk flags detected,
CCLM-00358,0.20196119636947113,Low,0,No actionable pre-submission risk flags detected,
CCLM-00445,0.201464282788433,Low,0,No actionable pre-submission risk flags detected,
CCLM-00250,0.20052660757160506,Low,0,No actionable pre-submission risk flags detected,
CCLM-00322,0.19614079817801255,Low,0,No actionable pre-submission risk flags detected,
CCLM-00185,0.1960191151778987,Low,0,No actionable pre-submission risk flags detected,
CCLM-00208,0.19185466663960327,Low,0,No actionable pre-submission risk flags detected,
CCLM-00442,0.16514959682341257,Low,0,No actionable pre-submission risk flags detected,
